statement ok
create table like_test (x text);

statement ok
insert into like_test (x) values
(E'foo\bar'),
('foo\bar'),
('foo|bar'),
('foo%bar'),
('foo_bar'),
('foobar');

query T nosort
select * from like_test where x like 'foo\bar';
----
foobar

query T nosort
select * from like_test where x like 'foo\\bar';
----
foo\bar

query T nosort
select * from like_test where x like 'foo|bar';
----
foo|bar

query T nosort
select * from like_test where x like 'foo%bar';
----
foo\bar
foo\\bar
foo|bar
foo%bar
foo_bar
foobar

query T nosort
select * from like_test where x like 'foo_bar';
----
foo\bar
foo\\bar
foo|bar
foo%bar
foo_bar

query T nosort
select * from like_test where x like 'foo\%bar';
----
foo%bar

query T nosort
select * from like_test where x like 'foo\_bar';
----
foo_bar

query T nosort
select * from like_test where x like 'foo\\%bar';
----
foo%bar

query T nosort
select * from like_test where x like 'foo\\_bar';
----
foo_bar

