statement ok
create table t (
    id int,
    val int
);

statement ok
insert into t (id, val) values
(1, 1),
(2, 1),
(3, 2),
(4, 2);

query II nosort
select id, val from t order by 1
----
1
1
2
1
3
2
4
2


query II nosort
select val, id from t order by 2
----
1
1
1
2
2
3
2
4

query II rowsort
select max(id), val from t group by 2
----
2
1
4
2


query II nosort
select max(id), val from t group by 2 order by 2 desc
----
4
2
2
1
