statement ok
create table test (tm timestamp, tmz timestamptz);

statement ok
insert into test (tm, tmz) values
('2018-09-02 07:09:19', '2018-09-02 07:09:19-04'),
('2018-09-02 07:09:19', '2018-09-02 07:09:19-05'),
('2018-09-02 07:09:19', '2018-09-02 07:09:19-06');

query T
select set_config('timezone', 'Asia/Tokyo', false);
----
Asia/Tokyo

query Z rowsort
SELECT tm AT TIME ZONE 'America/Chicago' from test limit 1;
----
2018-09-02 21:09:19+09

query Z rowsort
SELECT tm AT TIME ZONE 'America/Los_Angeles' from test limit 1;
----
2018-09-02 23:09:19+09

query Z rowsort
SELECT tm AT TIME ZONE 'Asia/Tokyo' from test limit 1;
----
2018-09-02 07:09:19+09

query Z rowsort
SELECT tmz AT TIME ZONE 'America/Chicago' from test;
----
2018-09-02 06:09:19
2018-09-02 07:09:19
2018-09-02 08:09:19

query Z rowsort
SELECT tmz AT TIME ZONE 'America/Los_Angeles' from test;
----
2018-09-02 04:09:19
2018-09-02 05:09:19
2018-09-02 06:09:19

query Z rowsort
SELECT tmz AT TIME ZONE 'Asia/Tokyo' from test;
----
2018-09-02 20:09:19
2018-09-02 21:09:19
2018-09-02 22:09:19

query Z rowsort
SELECT tm AT TIME ZONE 'America/Los_Angeles' AT TIME ZONE 'America/Chicago' from test;
----
2018-09-02 09:09:19
2018-09-02 09:09:19
2018-09-02 09:09:19

query Z rowsort
SELECT tm AT TIME ZONE 'America/Chicago' AT TIME ZONE 'America/Chicago' from test;
----
2018-09-02 07:09:19
2018-09-02 07:09:19
2018-09-02 07:09:19

query Z rowsort
SELECT tm AT TIME ZONE 'America/Los_Angeles' AT TIME ZONE 'America/Chicago' AT TIME ZONE 'Asia/Tokyo' from test;
----
2018-09-02 09:09:19+09
2018-09-02 09:09:19+09
2018-09-02 09:09:19+09

query Z rowsort
SELECT tmz AT TIME ZONE 'America/Los_Angeles' AT TIME ZONE 'America/Chicago' from test;
----
2018-09-02 18:09:19+09
2018-09-02 19:09:19+09
2018-09-02 20:09:19+09

query Z rowsort
SELECT tmz AT TIME ZONE 'America/Chicago' AT TIME ZONE 'America/Chicago' from test;
----
2018-09-02 20:09:19+09
2018-09-02 21:09:19+09
2018-09-02 22:09:19+09

query Z rowsort
SELECT tmz AT TIME ZONE 'America/Los_Angeles' AT TIME ZONE 'America/Chicago' AT TIME ZONE 'Asia/Tokyo' from test;
----
2018-09-02 18:09:19
2018-09-02 19:09:19
2018-09-02 20:09:19

