
statement ok
ALTER SYSTEM SET timezone = 'Etc/UTC';

statement ok
SELECT pg_reload_conf();

statement ok
create table test (tm timestamp, tmz timestamptz);

statement ok
insert into test (tm, tmz) values
('2018-09-02 07:09:19', '2018-09-02 07:09:19-04'),
('2018-09-02 07:09:19', '2018-09-02 07:09:19-05'),
('2018-09-02 07:09:19', '2018-09-02 07:09:19-06');

query Z rowsort
SELECT tm AT TIME ZONE 'America/Chicago' from test limit 1;
----
2018-09-02 12:09:19+00

query Z rowsort
SELECT tm AT TIME ZONE 'America/Los_Angeles' from test limit 1;
----
2018-09-02 14:09:19+00

query Z rowsort
SELECT tm AT TIME ZONE 'Asia/Tokyo' from test limit 1;
----
2018-09-01 22:09:19+00

query Z rowsort
SELECT tmz::timestamp AT TIME ZONE 'Asia/Tokyo' from test;
----
2018-09-02 02:09:19+00
2018-09-02 03:09:19+00
2018-09-02 04:09:19+00

query Z rowsort
SELECT tmz::timestamp AT TIME ZONE 'America/Chicago' from test;
----
2018-09-02 16:09:19+00
2018-09-02 17:09:19+00
2018-09-02 18:09:19+00

query Z rowsort
SELECT tmz::timestamp AT TIME ZONE 'America/Los_Angeles' from test;
----
2018-09-02 18:09:19+00
2018-09-02 19:09:19+00
2018-09-02 20:09:19+00

query Z rowsort
SELECT tmz AT TIME ZONE 'America/Chicago' from test;
----
2018-09-02 06:09:19
2018-09-02 07:09:19
2018-09-02 08:09:19

query Z rowsort
SELECT tmz AT TIME ZONE 'America/Los_Angeles' AT TIME ZONE 'Asia/Tokyo' from test;
----
2018-09-01 19:09:19+00
2018-09-01 20:09:19+00
2018-09-01 21:09:19+00




