statement ok
create table t (x int);

query II nosort
WITH l AS (SELECT t.x FROM t), r AS (SELECT t.x FROM t)
SELECT * FROM l JOIN r ON l.x = r.x;
----

statement ok
insert into t (x) values (1);

query II nosort
WITH l AS (SELECT t.x FROM t), r AS (SELECT t.x FROM t)
SELECT * FROM l JOIN r ON l.x = r.x;
----
1
1
