statement ok
create table t1 (x int, y int);

statement ok
create table t2 (x int, y int);

statement ok
insert into t1 (x, y)
values
(1, 1),
(2, 2),
(3, 3);

statement ok
insert into t2 (x, y)
values
(1, 1),
(1, 1);

query I nosort
select count(*) from t1 where x in (select x from t2);
----
1


query I nosort
select y from t1 where x in (select x + 1 from t2 where y = 1);
----
2


query I nosort
select y from t1 where (x + 1) in (select x + 1 from t2 where y = 1);
----
1


query I rowsort
select y from t1
where
(x + 1) in (select x + 1 from t2 where y = 1)
OR y = 2
----
1
2

query I rowsort
select y from t1
where x not in (select x from t2)
----
2
3

query III rowsort
select
    y,
    x in (select x from t2),
    x not in (select x from t2)
from t1
----
1
1
0
2
0
1
3
0
1

# Correlated

query I nosort
select x from t1 where y in (select y from t2 where t2.x = t1.x)
----
1

query I rowsort
select x from t1 where y not in (select y from t2 where t2.x = t1.x)
----
2
3

query I nosort
select y in (select y from t2 where t2.x = t1.x) from t1 order by x asc
----
1
0
0

query I nosort
select y not in (select y from t2 where t2.x = t1.x) from t1 order by x asc
----
0
1
1
