statement ok
CREATE TABLE t1 (
a INT(32),
b INT(32)
)

statement ok
CREATE TABLE t2 (
c INT(32),
d INT(32)
)

statement ok
insert into t1 (a, b) values (1, 2), (2, 2), (1, 3)

statement ok
insert into t2 (c, d) values (1, 2), (2, 2), (1, 3)

query IIII rowsort
SELECT t1.a, t1.b, t2.c, t2.d
FROM t1
INNER JOIN t2
ON (t1.a = t2.c)
WHERE (t1.b = ?)
? = 2
----
1
2
1
2
1
2
1
3
2
2
2
2

query IIII rowsort
SELECT t1.a, t1.b, t2.c, t2.d
FROM t1
INNER JOIN t2
ON (t1.a = t2.c)
----
1
2
1
2
1
2
1
3
1
3
1
2
1
3
1
3
2
2
2
2
