statement ok
create table t1 (id int, value int, another int);

statement ok
insert into t1 values (1, 1, 1), (2, 2, 1), (3, 3, 2), (4, 4, 1), (5, 4, 5);

query I valuesort
select id from t1 where value in (2, 3);
----
2
3

query I ok
select count(*) from t1 where value in (2, 3);
----
2

query I ok
select sum(id) from t1 where value in (another, 2);
----
3

query I ok
select max(id) from t1 where id not in (another, 2);
----
4

